Region,Holiday_Promotion,Population,Income_Level,Bakery_Count,Demand,Year,Holiday_Season
Black Sea,1,12524327,16830,2059,6441.906062755139,2021,0
Mediterranean,1,12142435,18663,2756,10694.836846194245,2015,0
Mediterranean,0,2278073,24759,4256,10506.405639910672,2017,0
Eastern Anatolia,1,14010158,5298,4522,4227.675687430788,2023,0
Central Anatolia,1,10911869,15233,4673,5317.599911608961,2015,0
Eastern Anatolia,1,7387179,2359,2691,4472.180228245747,2021,0
Mediterranean,0,11760056,22775,4411,16689.759701525792,2020,1
Black Sea,0,12403749,2809,4073,8065.161641015367,2017,0
Aegean,0,12962043,4198,4961,12527.469568720475,2018,1
Central Anatolia,0,8882170,20400,3752,5675.757915909274,2015,0
Marmara,0,7344790,22636,2637,11883.589484489748,2019,0
Mediterranean,1,12738783,23560,4461,8394.593040498094,2019,0
Southeast Anatolia,0,7505964,24617,4173,8614.705619843246,2022,1
Eastern Anatolia,1,4277820,14830,4534,4852.276437108952,2022,1
Marmara,1,3574110,15065,3258,23610.193755158794,2020,1
Eastern Anatolia,0,13750921,17297,4338,4645.835593100893,2016,1
Mediterranean,1,13907292,3814,1155,18063.587441150252,2016,1
Southeast Anatolia,0,12680209,18509,1087,8396.695907165667,2022,1
Central Anatolia,0,4459081,1976,2369,6640.197813006463,2020,1
Black Sea,1,12054673,11101,4552,11178.551466170344,2016,1
Eastern Anatolia,0,2270074,3874,2531,4817.001433151971,2022,1
Black Sea,1,9672796,12880,3601,6573.264251628707,2023,0
Eastern Anatolia,1,8611366,13551,3877,4793.256875939374,2023,0
Central Anatolia,0,1154075,21416,1611,5309.866479696647,2021,0
Eastern Anatolia,1,11894657,20271,1828,5178.987727319631,2018,1
Black Sea,1,13359026,24823,3831,6305.415965155633,2019,0
Marmara,1,11695066,20024,2684,13598.664985003825,2023,0
Black Sea,0,2561097,15759,1569,6630.46479050521,2015,0
Central Anatolia,0,7290875,15856,4138,6142.802381855697,2020,1
Black Sea,1,8624148,2040,1387,10695.644388808856,2014,1
Central Anatolia,1,10370112,2488,4032,8190.543494009078,2022,1
Aegean,0,5346206,19676,3710,8117.550776187213,2021,0
Aegean,1,9425259,16593,4023,8702.617417841207,2015,0
Aegean,0,8883884,10582,3686,11374.219037136552,2016,1
Eastern Anatolia,1,10183553,14551,3659,4413.684198997117,2019,0
Marmara,0,7297530,13257,585,21597.561533647135,2018,1
Mediterranean,0,5781416,8137,1783,16964.845686892204,2018,1
Central Anatolia,1,11942575,12749,3271,5207.687618144681,2019,0
Aegean,0,1562610,20545,4698,11025.534898875316,2014,1
Mediterranean,0,2028760,3777,1072,15291.415700041205,2022,1
Eastern Anatolia,0,14785563,3648,2348,3965.1768324779523,2023,0
Eastern Anatolia,0,7470769,3109,1390,4789.8074175532765,2020,1
Marmara,0,13921440,23637,642,21578.92729960562,2022,1
Eastern Anatolia,1,7508493,3112,1989,3963.9826887570107,2017,0
Eastern Anatolia,1,2896954,15742,3879,4362.402655189794,2021,0
Aegean,1,5935275,16321,2908,9401.593634709769,2019,0
Eastern Anatolia,1,1364273,7714,2802,5951.749753484768,2014,1
Eastern Anatolia,1,7953804,23878,2458,4833.14368621175,2023,0
Eastern Anatolia,0,12002421,18131,386,3975.6893340217734,2017,0
Aegean,1,5196852,4996,2125,12991.029556055304,2014,1
Eastern Anatolia,0,10667570,11591,1742,5396.662036712486,2014,1
Southeast Anatolia,0,4246275,17436,608,5934.076299556401,2017,0
Southeast Anatolia,0,2206528,5958,3828,6520.271046706147,2019,0
Black Sea,1,13700772,24708,3360,7677.596042084411,2015,0
Eastern Anatolia,0,10378149,12642,1885,3040.3318602269032,2015,0
Mediterranean,0,13574748,9968,1459,17062.43198171533,2014,1
Mediterranean,1,4882142,21369,2812,12062.879371277342,2021,0
Black Sea,0,6850526,9290,4781,6770.352140402942,2017,0
Southeast Anatolia,0,9875495,6005,3074,5305.625481919305,2021,0
Mediterranean,0,11269772,21737,1768,11521.595052990753,2015,0
Marmara,0,9192095,13180,1882,11824.972292726767,2023,0
Southeast Anatolia,1,13130029,15945,3525,6373.107069216101,2017,0
Aegean,0,1173443,18584,3073,8359.09787193211,2021,0
Marmara,0,2154280,19809,2040,15283.564633583974,2021,0
Marmara,0,9429463,8438,577,22645.683352421624,2016,1
Marmara,1,8013395,18238,2730,13435.29399247935,2015,0
Southeast Anatolia,1,4520346,19531,4898,6646.05494887402,2019,0
Black Sea,1,13134940,8203,3777,12563.126050751482,2018,1
Mediterranean,0,8784468,16489,4642,16843.71954514697,2018,1
Marmara,1,2731809,13980,1367,25812.428889714723,2014,1
Aegean,1,3946510,6700,875,13601.188233538998,2014,1
Central Anatolia,0,8896549,5406,712,5267.92887107585,2019,0
Southeast Anatolia,1,1047887,8311,241,6416.258299984681,2017,0
Central Anatolia,0,8981745,17506,1298,5084.662803491722,2023,0
Black Sea,1,7719982,2879,232,7171.686169517543,2023,0
Southeast Anatolia,1,7888505,9684,3503,9397.053219091038,2022,1
Aegean,0,9910937,13254,2850,12588.530792502186,2016,1
Southeast Anatolia,0,10889824,11344,138,5577.842492561674,2021,0
Black Sea,1,2535540,7463,3188,7800.488418551149,2019,0
Aegean,0,13047279,19604,1983,11558.844956236228,2016,1
Southeast Anatolia,1,4883492,11951,2861,5858.079512296626,2015,0
Marmara,1,7774589,1852,2442,13500.636242803934,2021,0
Black Sea,1,3230580,11851,3222,11615.94939435207,2020,1
Eastern Anatolia,1,13974285,12062,786,4585.562180770465,2014,1
Marmara,0,1408782,4537,214,22915.3440423725,2020,1
Central Anatolia,0,6098081,12371,2014,5775.214179651091,2020,1
Black Sea,1,2679613,22773,2845,12241.289172248049,2020,1
Aegean,1,2736509,22355,4068,13948.51925080451,2018,1
Mediterranean,1,3500944,7217,1136,9553.2009096241,2017,0
Eastern Anatolia,1,14227133,23500,3204,4775.308785752446,2021,0
Black Sea,0,8586596,14313,3656,6570.731703274436,2017,0
Marmara,1,14790633,7690,1468,11925.618930237819,2017,0
Eastern Anatolia,0,11427565,9204,1985,5146.44484128281,2014,1
Southeast Anatolia,1,8525957,7851,1033,7396.46329983072,2023,0
Southeast Anatolia,1,12445477,17576,1431,10371.556212402415,2020,1
Marmara,1,4609549,19063,612,22877.00304558828,2016,1
Central Anatolia,0,10348782,17298,3904,5084.78102758905,2019,0
Marmara,0,10953084,14967,936,11301.41162461307,2019,0
Mediterranean,0,10553065,8989,4411,15720.992773340486,2018,1
Marmara,0,7285612,6907,2189,22481.43832196837,2020,1
Black Sea,1,12525872,16397,1514,6601.757220528064,2019,0
Eastern Anatolia,0,13160342,7452,3697,4178.523869408975,2021,0
Eastern Anatolia,1,4340039,13858,4611,4534.216024585066,2022,1
Eastern Anatolia,1,14043505,19375,3087,3839.546684945285,2017,0
Central Anatolia,0,10348614,6062,4649,6925.003324782896,2018,1
Aegean,1,12401267,18983,4421,12085.840356020914,2018,1
Black Sea,1,4307704,22504,4180,9711.634768316515,2014,1
Mediterranean,0,1397177,23796,1996,15527.033055243734,2016,1
Central Anatolia,0,11980890,5367,1665,6115.606038664562,2014,1
Black Sea,1,8250461,15026,332,11029.43281166524,2016,1
Aegean,1,13722741,24725,4754,8953.705764765604,2017,0
Black Sea,1,1980853,11188,1283,9717.541669967739,2022,1
Southeast Anatolia,1,9791305,3680,864,5470.764989845504,2019,0
Aegean,1,3407135,24835,3200,8621.505093164173,2017,0
Eastern Anatolia,1,1172449,23932,899,4884.229498359824,2017,0
Marmara,0,7340262,17580,4738,11921.005034520991,2023,0
Mediterranean,0,14453810,8574,4835,9652.39751004497,2017,0
Eastern Anatolia,1,6207767,3844,4284,5161.358514773509,2019,0
Southeast Anatolia,1,13325861,17266,1495,10645.081213250314,2018,1
Black Sea,0,10115001,7504,1826,8106.917039603845,2020,1
Mediterranean,0,10376231,21629,2564,9721.02986443618,2017,0
Marmara,1,11575860,6877,468,24289.995629675883,2020,1
Aegean,1,13855321,23652,2396,7860.483356864041,2019,0
Aegean,1,2165498,4416,3708,12813.356219131323,2018,1
Black Sea,1,14226132,17310,734,7716.397997114553,2021,0
Marmara,0,9030998,2714,4906,21116.753633489894,2014,1
Marmara,0,6770088,16444,3140,10547.045507516723,2021,0
Central Anatolia,1,10416308,16420,3548,8199.768071834356,2016,1
Black Sea,1,12384594,5445,2068,7905.452943604959,2021,0
Southeast Anatolia,1,6978700,24878,4597,6032.92089686117,2015,0
Central Anatolia,1,7601326,23528,4275,7776.403257320825,2016,1
Eastern Anatolia,0,3407106,19045,2791,3967.5986015795443,2019,0
Black Sea,0,14143526,3465,3123,10771.919179232082,2016,1
Mediterranean,0,4513847,20122,2935,9895.706581162165,2017,0
Aegean,0,5077521,6107,1846,6819.100837187929,2019,0
Black Sea,0,5578830,3697,3340,6252.967205105301,2015,0
Southeast Anatolia,0,9082377,2467,4371,6684.649182886795,2023,0
Marmara,0,14535060,12586,4869,23830.76673499173,2022,1
Southeast Anatolia,1,6342181,12058,1898,5722.634920918573,2019,0
Mediterranean,0,12148289,24820,2488,18228.85979944588,2014,1
Southeast Anatolia,1,9253115,18718,4141,10915.52407644208,2014,1
Eastern Anatolia,1,4545871,20333,1974,4945.134302212763,2014,1
Mediterranean,1,9031615,3431,1034,17462.627726926145,2016,1
Mediterranean,1,5649601,15233,2191,8576.949523840289,2019,0
Mediterranean,1,2818805,5325,1319,10229.163256528374,2015,0
Mediterranean,1,2055392,16521,4572,10767.412661745919,2017,0
Eastern Anatolia,0,6002054,13584,1835,4123.723784990828,2021,0
Eastern Anatolia,0,6161631,8870,1560,4744.430660469643,2022,1
Marmara,1,12661149,17074,494,24089.66794275045,2014,1
Southeast Anatolia,0,8308749,15530,3067,5419.08498015964,2021,0
Black Sea,0,3797498,17877,652,7226.69427515436,2023,0
Eastern Anatolia,0,7889258,11371,3227,4673.260179908833,2017,0
Aegean,1,1733912,13352,4119,13780.068390467442,2022,1
Eastern Anatolia,0,5914514,9436,1107,4816.275652046123,2014,1
Black Sea,1,1814773,22330,2767,7129.757141813097,2019,0
Central Anatolia,1,8744699,20569,126,6895.096360953085,2014,1
Aegean,1,10406330,10078,1746,11468.012542067268,2022,1
Aegean,1,7233960,24487,4164,11291.766827904177,2020,1
Marmara,0,5526944,2068,214,21448.665107375044,2016,1
Marmara,1,12125988,16273,2788,13931.827919393776,2023,0
Eastern Anatolia,0,13933373,20907,1628,4389.283314372834,2016,1
Eastern Anatolia,1,9943939,14402,401,5911.359695735037,2016,1
Southeast Anatolia,1,2884322,10669,1292,9344.769577616356,2020,1
Mediterranean,1,8299858,11822,4027,17441.737363946228,2014,1
Mediterranean,1,8815099,11243,4960,12040.027374532468,2021,0
Black Sea,0,1597126,1728,522,9493.183688170677,2022,1
Central Anatolia,0,3494450,3572,4044,5313.790295274157,2015,0
Mediterranean,0,10394101,2196,2567,16916.25916684193,2016,1
Mediterranean,0,10963166,18449,4213,14921.711957819836,2022,1
Eastern Anatolia,1,14616769,16861,739,4115.296594364497,2017,0
Black Sea,0,4699822,16183,165,10997.92564951101,2018,1
Mediterranean,0,10740223,7345,504,11319.947920921892,2023,0
Marmara,1,13956333,13618,2282,14025.709375533133,2019,0
Marmara,1,13602267,3541,1051,12054.591522897308,2019,0
Aegean,0,4154391,10257,1960,13042.17262267535,2020,1
Marmara,1,3481222,13411,3920,23099.293742455317,2018,1
Aegean,0,14742094,8469,3468,6985.065235752234,2023,0
Black Sea,1,10212723,7893,2532,10093.642089017769,2020,1
Southeast Anatolia,0,10516306,13219,3742,8798.645922451886,2020,1
Black Sea,1,5422350,15056,4008,8536.643029801511,2015,0
Marmara,0,10095571,22825,2763,19866.54524010254,2014,1
Central Anatolia,0,14318863,13416,2875,5872.26229235092,2020,1
Central Anatolia,0,9839432,1718,2041,4758.622508948513,2021,0
Mediterranean,1,4506950,3960,2936,10865.919496723998,2023,0
Eastern Anatolia,1,7931673,5234,1415,4696.130991885299,2023,0
Eastern Anatolia,1,5177040,10115,2597,5581.183827200471,2016,1
Southeast Anatolia,1,12698604,18847,4455,5115.264867238969,2021,0
Eastern Anatolia,1,7421604,15927,2573,5092.129405663516,2020,1
Eastern Anatolia,1,2016152,8796,768,5345.422064126684,2022,1
Aegean,1,10792100,10083,937,8034.051024717406,2019,0
Southeast Anatolia,1,9048355,8764,3614,9127.358770277146,2020,1
Mediterranean,1,9910236,19800,2584,11687.039462892204,2023,0
Central Anatolia,0,3070990,5695,3890,5341.588389371046,2023,0
Mediterranean,1,2873928,17399,2676,10805.072716486564,2015,0
Black Sea,1,11824552,4468,1989,8009.491187545649,2015,0
Southeast Anatolia,1,7734703,22395,1351,10358.555461484533,2022,1
Southeast Anatolia,0,14403549,20022,4958,5341.908257500058,2023,0
Southeast Anatolia,1,1679619,8718,137,8827.402814298945,2018,1
Mediterranean,1,5151060,21827,187,16907.881418596575,2014,1
Eastern Anatolia,0,1265207,10612,2951,4467.364422724977,2014,1
Central Anatolia,1,14397390,2944,1285,6723.379161769945,2020,1
Black Sea,1,6518142,17696,984,7626.750597703454,2023,0
Marmara,0,9802056,21256,2087,21401.993037350523,2016,1
Black Sea,0,8546766,24401,2842,5207.679558220632,2019,0
Eastern Anatolia,1,8604462,20495,4455,5330.477627675566,2018,1
Marmara,1,7247890,11307,591,23161.393461278145,2018,1
Central Anatolia,1,9646767,5374,2637,7311.319018110235,2020,1
Black Sea,1,7808415,12194,4658,7206.47971117991,2021,0
Aegean,1,9365310,21787,390,12361.24694724555,2016,1
Black Sea,1,3804309,3650,4257,7399.28401926515,2019,0
Eastern Anatolia,0,5830154,21945,1540,4427.4278178050645,2019,0
Black Sea,0,6368760,15726,892,6708.242226430788,2017,0
Black Sea,0,8691180,23626,1073,7777.58191821683,2015,0
Aegean,0,9742373,6078,1668,13172.52233835496,2016,1
Mediterranean,1,11156086,7288,3047,17004.456063816535,2014,1
Mediterranean,0,2091999,10721,3865,15182.333499959419,2014,1
Eastern Anatolia,0,10506961,5593,4014,4571.431895149412,2016,1
Marmara,1,11558447,13882,2939,13009.831828051996,2019,0
Black Sea,1,11800819,21292,4169,7269.6886494695145,2017,0
Black Sea,0,3739561,5813,4123,7514.999558235876,2019,0
Eastern Anatolia,1,12041779,5044,3148,4939.065818238249,2020,1
Central Anatolia,1,5470455,8773,3358,7767.0706397690465,2016,1
Marmara,1,4513356,14380,690,11969.106931022981,2023,0
Central Anatolia,0,12906515,11158,3356,5416.1939737147995,2016,1
Mediterranean,1,7402939,18770,1353,14437.01951479924,2018,1
Central Anatolia,0,8505765,15002,3302,6148.774555473847,2014,1
Eastern Anatolia,0,2156665,12420,1012,4412.363810795103,2018,1
Southeast Anatolia,0,8511084,23034,3744,8232.529085335673,2018,1
Central Anatolia,0,5558664,21174,3537,7138.956833147035,2020,1
Mediterranean,0,6289594,11114,721,9268.482342814466,2017,0
Eastern Anatolia,1,8371564,1785,142,4242.166313570565,2016,1
Marmara,1,9937518,14825,4781,13945.46274071333,2021,0
Eastern Anatolia,0,8751921,10943,1014,4534.426921582089,2021,0
Aegean,1,10758776,7793,817,9195.877280185165,2021,0
Aegean,1,14409485,7043,2131,12315.430630989544,2018,1
Mediterranean,1,12845911,5072,1601,17902.011845635687,2014,1
Black Sea,1,3116619,22372,4571,7081.445446086617,2015,0
Black Sea,0,10766354,20743,317,8847.825879447739,2020,1
Marmara,0,1507415,7643,2549,21173.151506489372,2016,1
Eastern Anatolia,1,8848793,12301,1520,4374.929151068964,2019,0
Southeast Anatolia,0,3386818,2222,149,8817.492874419053,2020,1
Southeast Anatolia,0,8131907,9452,4769,7002.997132437131,2021,0
Eastern Anatolia,0,1498554,21933,2964,4820.540255119086,2016,1
Central Anatolia,1,3928104,24137,655,7836.214179709534,2014,1
Eastern Anatolia,1,3257847,23102,239,5382.028309299355,2019,0
Black Sea,1,14178550,14494,914,10269.520651284574,2022,1
Marmara,0,14563699,5215,2866,21920.942102938392,2014,1
Mediterranean,0,12769664,16904,1102,17307.157709933042,2022,1
Aegean,0,6890400,16112,2645,8097.649432131582,2019,0
Eastern Anatolia,0,4373042,9364,2374,4666.986950786505,2018,1
Central Anatolia,0,5959099,11764,3178,8023.29251905295,2016,1
Central Anatolia,1,12978307,3268,669,6159.091485533014,2023,0
Aegean,1,8717735,6367,4329,6950.5155980454665,2021,0
Aegean,1,1658082,17857,3977,9994.463379923585,2021,0
Aegean,1,5623497,17317,205,15312.447860821561,2016,1
Southeast Anatolia,1,10065219,3469,666,11083.399146318805,2016,1
Mediterranean,1,10991996,18352,4026,11825.729484335416,2021,0
Marmara,0,10483565,8985,1513,13861.143279926233,2017,0
Aegean,1,10507247,13407,475,9576.711624851383,2017,0
Eastern Anatolia,0,10372534,9215,118,5077.787332916757,2020,1
Southeast Anatolia,0,1677629,14923,4726,9120.735270818868,2022,1
Black Sea,0,6530936,13958,406,6249.876847485903,2021,0
Black Sea,1,9873653,8857,1608,9300.197879413,2016,1
Marmara,1,13650777,3434,3508,25596.54097566344,2020,1
Eastern Anatolia,0,7898765,22121,931,5162.425852248655,2022,1
Southeast Anatolia,0,14680278,4597,1224,8961.557924224517,2016,1
Eastern Anatolia,1,12313206,8694,4735,4827.680697461197,2016,1
Eastern Anatolia,0,10903929,5680,1982,4257.590875543559,2016,1
Aegean,0,2856362,4144,3633,11565.369173297446,2014,1
Marmara,1,4900764,23380,1780,25427.65074579668,2014,1
Central Anatolia,0,11591921,23892,1020,7954.9580830863615,2022,1
Central Anatolia,0,1069558,24519,161,4987.744348265998,2021,0
Marmara,0,12088901,4356,3765,12345.307250976875,2017,0
Eastern Anatolia,0,3277516,15272,1126,4450.377747788105,2017,0
Eastern Anatolia,0,7058250,12744,1441,4769.366659008935,2020,1
Mediterranean,0,8573320,19178,2943,16589.997140979434,2020,1
Marmara,0,3847717,10294,711,12986.380240095783,2019,0
Marmara,1,1916761,12930,3659,26378.415539472855,2016,1
Southeast Anatolia,1,12287644,12601,4278,6635.73077696553,2019,0
Southeast Anatolia,0,1433545,19670,4886,8567.467802116393,2020,1
Mediterranean,1,9432431,13767,3597,11224.512542836332,2017,0
Mediterranean,1,11639457,19542,4189,14612.739866245309,2022,1
Mediterranean,1,13720971,2123,230,18116.922649789492,2014,1
Mediterranean,1,9630596,18119,2753,19125.72226433157,2020,1
Marmara,0,11649498,7726,1260,25268.196084018848,2022,1
Eastern Anatolia,1,13500187,1582,2784,5768.213211560955,2016,1
Aegean,0,14870651,4019,2169,8920.748326590474,2022,1
Eastern Anatolia,1,1097271,5961,1429,5012.382381329087,2021,0
Mediterranean,1,4856042,24003,2966,20181.83079062187,2014,1
Marmara,1,1792457,20920,1766,11984.761360654302,2021,0
Marmara,0,12144643,8834,195,20734.65978518019,2014,1
Black Sea,1,9737936,13165,1309,12331.315805836179,2018,1
Marmara,0,13606293,2368,2402,12066.673010995433,2021,0
Marmara,1,3085842,2833,2169,12424.450932001682,2017,0
Marmara,0,4416334,4681,4192,19976.85101803772,2016,1
Marmara,0,13067237,4450,1565,27290.718035329694,2018,1
Eastern Anatolia,1,13449264,15964,2320,5695.788002409039,2022,1
Aegean,1,3579577,3432,4746,12832.245390926082,2016,1
Marmara,0,3326190,10117,511,24685.826633605764,2016,1
Aegean,0,12803016,14907,3466,11891.721295517873,2022,1
Black Sea,1,1696822,11269,4210,12085.899817319121,2018,1
Black Sea,1,11818726,17202,1863,11406.568553438987,2022,1
Southeast Anatolia,1,8635367,22108,3118,6376.496418785417,2017,0
Eastern Anatolia,0,3475735,8504,419,5039.184581857878,2016,1
Mediterranean,1,13486024,5269,4717,18548.152960659278,2020,1
Marmara,0,9429122,14298,3813,23329.77841328744,2014,1
Central Anatolia,1,10120948,11404,3169,6395.628362802414,2023,0
Marmara,0,4219042,20178,2983,26377.567886697503,2018,1
Mediterranean,0,2338800,13371,3304,16657.828753697475,2014,1
Marmara,1,11998101,24349,284,10681.418668559007,2019,0
Black Sea,0,13626300,16051,467,10659.119846352536,2020,1
Southeast Anatolia,0,4975926,16614,1352,8765.3178071417,2014,1
Black Sea,0,2008440,5818,3260,5816.144226714853,2015,0
Black Sea,1,2503544,11881,2493,11524.569248180911,2022,1
Marmara,0,4624777,1655,1047,22549.11054044241,2016,1
Mediterranean,0,10210367,7900,4072,14711.133492713714,2022,1
Black Sea,1,9257698,13546,3166,9501.5737064216,2016,1
Central Anatolia,0,9046783,21075,1175,7407.284744441352,2018,1
Aegean,1,13439631,23151,3607,9245.418327301324,2021,0
Southeast Anatolia,1,4229186,18648,1963,6077.952953621371,2021,0
Marmara,1,5307901,18149,1689,14074.558911621203,2023,0
Central Anatolia,1,6843564,1866,932,6849.543285519931,2022,1
Mediterranean,0,12263691,23055,2764,10544.767114505667,2015,0
Black Sea,1,13752341,17635,544,11118.577020093398,2016,1
Central Anatolia,1,3281638,18209,3511,4089.5490360059284,2015,0
Aegean,0,7811227,14832,4671,12129.942854450763,2016,1
Eastern Anatolia,1,9165724,18712,1684,5192.059852784099,2016,1
Marmara,0,14502046,8446,1796,20000.90081442827,2022,1
Central Anatolia,0,4871639,23120,1801,5678.385469429975,2022,1
Marmara,0,7247723,18164,4734,21130.165360172985,2014,1
Aegean,1,12858327,5627,2015,12734.38665909833,2020,1
Black Sea,1,3977269,20520,895,11482.220123518888,2018,1
Marmara,1,4173136,15048,2100,13008.388133901715,2023,0
Eastern Anatolia,1,13071787,22063,574,5326.772274493104,2016,1
Black Sea,0,7958351,6474,2340,10120.621889943062,2020,1
Eastern Anatolia,1,13746161,18580,2736,5035.054218874186,2016,1
Black Sea,1,5347604,8268,1036,6932.806229557918,2015,0
Eastern Anatolia,1,11688704,17338,3896,5373.91224935056,2021,0
Eastern Anatolia,1,12004764,6512,4131,5238.9671042931195,2018,1
Marmara,1,6372967,1928,416,12922.802403930913,2021,0
Central Anatolia,1,8577096,3129,2922,8160.632494052135,2022,1
Marmara,1,5252369,15689,4199,15691.010482531452,2021,0
Eastern Anatolia,0,9801972,24279,4934,5493.936249452998,2022,1
Central Anatolia,0,14851494,3354,772,4804.832623441542,2023,0
Aegean,1,1496734,12154,3513,9105.602336205126,2021,0
Eastern Anatolia,1,6779272,8486,4652,4657.197604267556,2015,0
Aegean,0,9242490,12222,4118,14684.200851971254,2014,1
Aegean,1,9566894,13711,1459,13754.705524696335,2014,1
Southeast Anatolia,1,11630638,22847,633,6906.641666326606,2017,0
Southeast Anatolia,1,11887636,17057,931,5931.341563763923,2019,0
Mediterranean,0,9237680,10412,524,13991.538073914504,2014,1
Southeast Anatolia,1,5438678,4742,3957,11240.84605319076,2014,1
Southeast Anatolia,0,14502675,20533,3963,9311.236268374301,2020,1
Central Anatolia,1,12121752,1829,4238,5746.004472309756,2017,0
Marmara,1,5845019,5212,739,26310.871362633,2022,1
Southeast Anatolia,1,13887921,21738,1487,10743.783320273993,2020,1
Marmara,0,9418136,21552,931,23159.071527846783,2016,1
Eastern Anatolia,0,1902933,7398,879,5105.243659394914,2018,1
Aegean,0,5850508,2117,3730,12166.42676495615,2016,1
Marmara,1,4785029,24097,967,24256.852248966756,2022,1
Eastern Anatolia,1,4206951,2178,4672,5763.670413677219,2022,1
Eastern Anatolia,1,3687979,14384,1850,4784.522388867381,2018,1
Southeast Anatolia,1,8230649,4436,1896,5906.72279742405,2015,0
Southeast Anatolia,1,12346572,14716,4844,9980.879987126154,2022,1
Mediterranean,1,1171020,9521,4740,11164.04625812212,2015,0
Southeast Anatolia,0,4601114,15098,4911,6434.675838940604,2019,0
Central Anatolia,0,9652235,22995,897,6355.505498864174,2018,1
Southeast Anatolia,0,5685037,18277,1827,8299.878315140111,2022,1
Central Anatolia,1,12077662,11019,293,5830.966345388593,2021,0
Mediterranean,0,11611781,17608,3437,18154.5485911469,2020,1
Mediterranean,1,11508752,5374,2646,11401.54256988246,2023,0
Central Anatolia,0,9631223,6409,689,5554.922608794999,2018,1
Aegean,0,6427267,14517,4082,12330.660625918648,2020,1
Southeast Anatolia,0,8299937,5080,321,7261.7558675296705,2020,1
Southeast Anatolia,1,4207882,6570,4121,6572.886903861008,2019,0
Central Anatolia,1,10578040,18389,4321,4394.625967350305,2021,0
Central Anatolia,0,4983185,3593,4293,6220.416578331371,2016,1
Marmara,0,10720978,1658,4713,12613.262036649738,2023,0
Marmara,0,4273169,4801,1319,20983.470145313906,2018,1
Mediterranean,1,1622388,18515,1192,19621.76406001493,2022,1
Marmara,0,4420654,1682,2363,22073.19408658413,2022,1
Black Sea,1,3391612,12873,2963,9568.714350720982,2020,1
Aegean,0,14303893,9100,2299,8720.534913717938,2019,0
Aegean,1,5900575,3450,1549,14109.788766719388,2020,1
Southeast Anatolia,0,13131998,11465,3512,6764.293611593759,2019,0
Black Sea,1,7464457,6086,3318,8246.494572748685,2023,0
Eastern Anatolia,0,10920595,5436,2845,4187.9555492909885,2019,0
Mediterranean,0,6312137,21987,2023,14411.275667252834,2018,1
Black Sea,1,8999370,1884,745,11656.619704016392,2020,1
Eastern Anatolia,0,8891927,14376,958,4729.711627969762,2020,1
Black Sea,1,11473411,8490,700,8320.667281315837,2015,0
Central Anatolia,0,11041886,12570,942,7949.589279689811,2016,1
Mediterranean,1,6625588,19640,4974,12327.433167064824,2017,0
Marmara,1,1883363,22157,4908,13576.266151214053,2015,0
Southeast Anatolia,0,9017205,13881,855,9066.005885439848,2022,1
Central Anatolia,1,5065750,8362,4417,5270.253810680042,2015,0
Central Anatolia,0,12153148,23625,4313,4990.068095864632,2022,1
Mediterranean,1,14184944,6213,2791,11051.105333328214,2017,0
Marmara,1,9217302,16705,4006,12521.806745920258,2015,0
Southeast Anatolia,0,13888310,22553,826,9289.713032786001,2014,1
Eastern Anatolia,0,9333680,18880,1518,4552.195262843848,2022,1
Black Sea,1,7295034,11485,4564,7870.212318098,2023,0
Central Anatolia,0,6456999,9902,3798,5623.032633256551,2015,0
Aegean,1,3524452,10008,3285,13406.851098940313,2022,1
Southeast Anatolia,0,3681572,5617,4850,5348.301255588019,2015,0
Black Sea,1,14253417,23457,3327,7060.297388945823,2023,0
Central Anatolia,1,2817444,23746,1500,7643.857474339647,2018,1
Eastern Anatolia,1,5624991,22199,4968,4731.353939864441,2015,0
Eastern Anatolia,1,6395162,2693,2202,4819.752486346521,2020,1
Southeast Anatolia,1,5286017,20527,1284,6581.04180263602,2023,0
Aegean,1,10872624,1625,1418,14394.178563279853,2022,1
Central Anatolia,1,10804774,18765,3487,6446.4220964921715,2019,0
Black Sea,0,7163221,19829,2959,9972.893898281274,2016,1
Eastern Anatolia,1,3714167,10203,1369,5174.901388693608,2022,1
Mediterranean,0,12501797,13532,4653,9630.32571105807,2017,0
Southeast Anatolia,1,13663243,14138,615,6694.466818800291,2023,0
Southeast Anatolia,0,10715749,3872,3791,6833.44325292913,2019,0
Eastern Anatolia,1,11112573,16248,3710,5356.4337054485095,2016,1
Black Sea,1,5257588,20391,1747,11318.997379060309,2022,1
Mediterranean,0,14711492,2870,2318,13725.403401933647,2022,1
Marmara,1,8933289,8262,2999,15304.589526650638,2021,0
Mediterranean,1,13290215,24315,2401,12470.545084066496,2021,0
Black Sea,1,3677687,12299,1106,7471.977975282312,2023,0
Southeast Anatolia,1,7557109,22725,1597,9796.695409347982,2020,1
Southeast Anatolia,1,2882077,10991,2010,11067.566322919345,2016,1
Marmara,1,9617941,4203,2650,17087.774371934305,2019,0
Marmara,0,13023579,7561,369,9978.262165360653,2021,0
Southeast Anatolia,0,3235626,5883,700,5693.436767876746,2017,0
Mediterranean,1,7939153,5054,1576,10566.388858081225,2019,0
Aegean,1,11552202,16640,4147,14574.072076112232,2020,1
Black Sea,1,4651154,7319,3720,7972.864977053669,2017,0
Southeast Anatolia,0,14025536,19468,190,5692.582078124766,2023,0
Marmara,0,10687090,23174,2342,10300.51538949685,2019,0
Marmara,1,2033724,7778,1896,14534.916962883997,2023,0
Southeast Anatolia,0,4055192,10161,4544,8819.772891523018,2016,1
Marmara,1,10859179,9238,1191,21008.84775581375,2018,1
Eastern Anatolia,0,11997980,16757,187,4472.544169837942,2022,1
Aegean,0,13860714,23536,2817,7659.842890039908,2023,0
Aegean,1,2386443,6307,2051,12804.006465438382,2014,1
Black Sea,0,7971392,20145,265,6268.693518552728,2021,0
Mediterranean,0,8258996,9370,2348,14348.621493907776,2014,1
Southeast Anatolia,1,5223673,12903,122,8163.888443622217,2021,0
Aegean,0,13411548,18093,3362,12395.405829730043,2018,1
Mediterranean,0,1542256,22905,1002,9588.565367212543,2017,0
Marmara,0,1979148,13634,3666,12453.566039989371,2015,0
Southeast Anatolia,0,10817819,2274,4324,6096.333964939381,2021,0
Central Anatolia,0,5846165,11014,4210,4546.6719378571015,2019,0
Southeast Anatolia,0,5367591,15066,4686,4850.735301972025,2021,0
Marmara,1,7425192,18236,2533,12499.237782431785,2017,0
Black Sea,1,4983904,16834,707,7559.458326677203,2017,0
Marmara,1,10107290,9200,4234,23499.691546928207,2020,1
Marmara,1,11635520,13422,4156,19408.543707402074,2014,1
Southeast Anatolia,0,8208840,14641,538,11232.060976193796,2018,1
Black Sea,1,7730315,17767,3629,13370.128031707653,2014,1
Central Anatolia,1,5522944,13905,1724,5744.653061516074,2023,0
Black Sea,0,2244757,8612,3624,7017.845041932814,2019,0
Central Anatolia,0,12471826,2493,1920,4717.589532072005,2023,0
Eastern Anatolia,0,3074914,14000,4471,5077.692681666313,2020,1
Aegean,0,5383516,5590,481,7906.395676288026,2021,0
Black Sea,0,10276041,24436,590,11027.183880232065,2014,1
Central Anatolia,0,4765415,10635,3645,7094.163270525116,2018,1
Marmara,0,10148839,18378,4986,19762.760255321456,2014,1
Mediterranean,0,8489568,14045,2552,14899.641356178297,2020,1
Central Anatolia,0,10938236,17430,1921,5484.832996844638,2015,0
Central Anatolia,0,14387496,18943,2385,6951.514467375069,2020,1
Southeast Anatolia,1,7343761,19389,4288,5865.271135609688,2015,0
Black Sea,0,8869746,14588,4092,6680.02928409343,2019,0
Aegean,1,1580843,11242,652,12996.773049070784,2016,1
Central Anatolia,0,10742669,16598,903,6476.110161961197,2022,1
Black Sea,1,10400364,2427,3612,10702.508908615593,2018,1
Mediterranean,0,14221702,16914,3925,10899.239343851497,2017,0
Central Anatolia,1,7488590,12432,3877,5580.175763259506,2015,0
Southeast Anatolia,1,2511284,14872,1209,6653.2958780883855,2023,0
Southeast Anatolia,1,12231588,2357,3651,6100.533627218092,2021,0
Black Sea,0,10709601,13825,1075,7117.288882771783,2015,0
Black Sea,1,13230920,7559,2589,10749.038691174886,2016,1
Southeast Anatolia,1,5534727,4163,2677,6283.293448626083,2017,0
Mediterranean,1,8586889,11095,2022,15574.826055626385,2020,1
Aegean,1,4562578,6678,532,9923.714013204844,2015,0
Marmara,1,3722413,5326,4349,27988.62073492823,2020,1
Marmara,0,10280174,6129,4419,22128.124655236832,2022,1
Black Sea,1,2028482,12280,2414,12326.49910091993,2022,1
Eastern Anatolia,0,8176837,12821,951,4091.813871621803,2017,0
Mediterranean,1,8932063,4392,4420,9474.452892695905,2019,0
Central Anatolia,1,3331493,5043,4956,7364.710250069257,2022,1
Aegean,1,8360505,24688,1943,8501.235763214203,2017,0
Southeast Anatolia,0,14119308,24891,2586,9428.262410159408,2018,1
Mediterranean,1,1700917,8620,4696,12727.870150319342,2017,0
Central Anatolia,0,6560881,7349,1623,4746.649092987565,2019,0
Black Sea,0,12751130,17312,2046,7271.25405340664,2017,0
Aegean,1,14203330,20341,4635,9557.78894691604,2019,0
Eastern Anatolia,1,8484456,3315,1487,5995.010204801547,2018,1
Black Sea,1,9797312,19830,4665,8459.043392957154,2019,0
Southeast Anatolia,1,11395372,16557,1136,5864.140697569834,2023,0
Marmara,1,10080786,18898,328,21108.130232057327,2022,1
Southeast Anatolia,1,3016191,7665,3507,10657.27771864739,2014,1
Central Anatolia,1,2013750,16209,2755,5288.458263129383,2023,0
Aegean,0,14800226,7942,182,10819.371664248461,2022,1
Marmara,0,12791962,18851,4733,24166.82007952894,2020,1
Marmara,0,13155254,3743,3787,11556.394053705566,2023,0
Southeast Anatolia,1,3158062,11634,4412,7676.044178790444,2017,0
Central Anatolia,1,3466491,16920,4837,6835.0598914852635,2020,1
Eastern Anatolia,0,7211857,5994,1992,3701.274838603942,2021,0
Black Sea,0,1268999,18700,3470,9736.9336012019,2022,1
Central Anatolia,0,5611226,1903,1740,6992.874914188136,2014,1
Central Anatolia,0,3681049,17517,4919,5146.465326465223,2019,0
Central Anatolia,0,11799909,21776,4546,7729.5911847011885,2018,1
Black Sea,1,14360521,13909,4059,10964.881604289209,2016,1
Mediterranean,0,5293988,16955,4412,9823.473825274104,2021,0
Mediterranean,0,14454197,3516,3181,11509.155002356418,2021,0
Mediterranean,0,11090565,4641,4261,10595.19585445667,2023,0
Southeast Anatolia,1,9474922,16651,1209,9490.55588789398,2018,1
Southeast Anatolia,1,6987604,20458,2986,10136.22292897986,2020,1
Black Sea,0,13893907,22250,1334,10013.80185935144,2022,1
Eastern Anatolia,0,3988147,8274,2531,3917.8271114898707,2023,0
Central Anatolia,1,3020109,13424,1302,7280.427464107044,2014,1
Marmara,1,1761309,17183,453,11500.351587730218,2015,0
Mediterranean,1,7646420,19828,505,16973.415475514634,2022,1
Marmara,1,3478868,3376,3207,24784.666946950976,2016,1
Black Sea,1,8614087,16091,4223,10210.54911123679,2020,1
Mediterranean,0,14538394,15122,3423,9108.459531330864,2015,0
Central Anatolia,1,11803315,4663,3678,5477.646058401717,2021,0
Marmara,1,1412800,10139,1743,22636.819029589264,2018,1
Black Sea,0,4276545,10262,4045,8504.352554641831,2022,1
Black Sea,1,11414967,7175,960,6701.21376122596,2023,0
Southeast Anatolia,0,4062419,9806,2372,6244.8479518966,2017,0
Eastern Anatolia,0,10893727,4439,2018,4843.472140016367,2016,1
Aegean,1,2908391,7028,3180,9076.347226381602,2015,0
Aegean,0,4556559,24604,4703,11641.624411781906,2016,1
Southeast Anatolia,0,7146944,7234,3067,7637.932732968554,2016,1
Southeast Anatolia,0,8466653,2818,2378,5475.521154677492,2021,0
Black Sea,1,5123145,3489,3704,10432.950287769167,2020,1
Southeast Anatolia,1,12157279,3740,2491,10331.72911743932,2018,1
Central Anatolia,1,3668302,3422,4323,4538.260494734243,2021,0
Aegean,1,4194091,12251,4856,6766.138217716652,2017,0
Southeast Anatolia,1,9029563,15542,313,11334.428072983545,2018,1
Eastern Anatolia,0,1997356,15627,3573,4239.152131901616,2021,0
Eastern Anatolia,0,7503190,24807,3463,3649.56724281665,2017,0
Eastern Anatolia,1,9187344,19229,477,4296.743401051938,2021,0
Southeast Anatolia,1,10933990,20118,4247,6321.989765718712,2017,0
Marmara,0,13676012,21375,1297,12347.595824694294,2021,0
Southeast Anatolia,1,2399138,23469,948,9397.663135898787,2014,1
Black Sea,0,7985175,23311,4274,6195.979776186593,2023,0
Aegean,1,5421249,16750,4182,13845.892580862477,2022,1
Central Anatolia,0,11349481,16059,1057,5907.198135163595,2021,0
Southeast Anatolia,0,6813407,13039,3781,9476.809262900675,2022,1
Black Sea,1,10568893,1962,1203,7757.807172927289,2015,0
Central Anatolia,0,10693221,17939,2653,6360.730742570281,2014,1
Southeast Anatolia,0,4832160,9889,579,5526.753176990218,2019,0
Eastern Anatolia,1,8767763,22164,746,4220.672275380194,2021,0
Eastern Anatolia,0,14065090,21591,3366,4988.323806990481,2022,1
Central Anatolia,0,14607930,14813,4415,7271.700970613093,2022,1
Black Sea,0,14880563,17518,3219,7862.325500080634,2019,0
Southeast Anatolia,1,2869554,20676,3809,6712.445103643532,2021,0
Mediterranean,1,8669012,18227,3371,17928.762087252442,2018,1
Black Sea,0,11874813,3289,123,9851.17224741852,2016,1
Central Anatolia,0,5484261,12370,3786,5285.505631195283,2021,0
Eastern Anatolia,0,3867636,7725,1903,4019.237268949226,2017,0
Central Anatolia,1,2757365,21129,2225,7196.095092955274,2022,1
Black Sea,1,6539865,22864,1387,9852.674231730714,2022,1
Southeast Anatolia,1,14320206,22284,4441,6016.546352398094,2023,0
Southeast Anatolia,1,5697619,4150,1159,6143.845106521271,2017,0
Eastern Anatolia,0,8082750,8795,2813,4095.9691244843025,2015,0
Southeast Anatolia,1,14246750,22378,2129,6397.775964386438,2015,0
Mediterranean,0,13954554,14330,1488,20131.805078770318,2014,1
Eastern Anatolia,1,14694297,21507,1412,5484.827025454089,2022,1
Mediterranean,0,6015123,8772,2455,11570.807596502174,2019,0
Southeast Anatolia,1,4197550,11060,4479,7579.932141378658,2021,0
Black Sea,1,5702724,10483,593,8026.995768631805,2015,0
Marmara,0,12067921,11008,2153,21511.78833483522,2020,1
Black Sea,1,11439786,9495,1352,9810.886276877452,2014,1
Marmara,1,12053602,9739,2079,22329.970269216123,2014,1
Eastern Anatolia,0,2360215,11025,3937,5203.376979355365,2020,1
Black Sea,1,4419016,20932,566,11070.681261562437,2022,1
Aegean,1,5611416,8316,474,12351.966128288075,2016,1
Eastern Anatolia,0,10822045,10324,4880,4700.437996501914,2020,1
Marmara,1,3483547,19220,4909,13634.874833793518,2019,0
Marmara,1,9017818,13871,1761,13232.746907298997,2017,0
Mediterranean,0,4229314,10479,3126,15618.928827825408,2016,1
Eastern Anatolia,1,1174256,6921,4297,4375.891307699365,2019,0
Eastern Anatolia,0,3633542,24894,705,3640.546729716765,2016,1
Black Sea,1,1303899,20209,1528,10799.62738561952,2022,1
Southeast Anatolia,1,4849750,12360,2005,8852.29894604847,2018,1
Black Sea,0,5484967,16786,431,7254.4329754149185,2023,0
Eastern Anatolia,0,7774374,2629,2029,4053.584707724816,2023,0
Aegean,0,9298664,23910,3260,12898.087579094989,2022,1
Mediterranean,1,1152811,8419,3101,18934.40747004064,2020,1
Aegean,0,6445382,7081,2879,9375.717104992158,2021,0
Eastern Anatolia,1,8052908,12910,815,4232.905252431048,2014,1
Eastern Anatolia,1,5229111,10487,2645,4344.534409233818,2015,0
Central Anatolia,0,4392628,21223,4142,3979.7625636939174,2019,0
Black Sea,0,3946004,11322,2238,10280.882650932184,2022,1
Eastern Anatolia,1,8095445,19327,2165,4326.506704793362,2021,0
Mediterranean,1,8413345,2729,4515,10482.162809673226,2017,0
Aegean,0,14075754,6768,3325,8213.614798699191,2019,0
Black Sea,1,11416096,20138,1664,9645.021902423385,2016,1
Eastern Anatolia,0,10966100,11039,3910,5686.967146498908,2014,1
Eastern Anatolia,1,9512706,2033,3753,5150.948044203702,2016,1
Black Sea,1,14441006,1864,966,10862.502864957974,2018,1
Eastern Anatolia,0,4364701,23345,2133,4738.307502226376,2018,1
Aegean,1,10855822,17130,2348,14417.581002741232,2016,1
Mediterranean,0,11721294,13931,4023,8797.795354892738,2021,0
Central Anatolia,1,11461365,21184,3560,7742.169249792441,2016,1
Aegean,0,12295942,22994,503,11377.722400303852,2022,1
Aegean,1,12633294,16205,3289,8351.346685686243,2017,0
Marmara,0,7326414,22461,515,13055.271567795382,2023,0
Central Anatolia,0,11264545,13810,863,6325.668235171862,2022,1
Southeast Anatolia,0,1404994,4285,1459,6368.2690924887465,2019,0
Mediterranean,1,6867371,15466,235,11695.699095499976,2015,0
Black Sea,1,5414918,19944,1424,10403.63145195393,2018,1
Marmara,0,7354807,16231,2845,22103.15021307793,2018,1
Aegean,0,8665655,4740,779,7612.883257916525,2017,0
Black Sea,0,1459649,1670,4700,6986.304028274747,2021,0
Aegean,0,12591523,9334,4414,8378.948358032008,2015,0
Mediterranean,1,1305154,18975,2570,15916.113451986033,2018,1
Aegean,1,13458203,19718,1347,9187.458036729699,2023,0
Eastern Anatolia,0,8586865,7413,4576,4952.4783937824,2020,1
Black Sea,0,7962147,20811,499,5957.70033877308,2023,0
Central Anatolia,1,3232920,8261,217,5089.657341360384,2019,0
Black Sea,0,14936441,6266,496,6515.963123862946,2017,0
Marmara,0,6786326,8377,2091,11466.734004668504,2023,0
Mediterranean,1,1952956,2293,806,9948.519715973129,2017,0
Black Sea,1,9144127,15085,4801,11792.414008075679,2020,1
Southeast Anatolia,0,1847505,18688,1535,9954.482309269199,2022,1
Eastern Anatolia,1,5318813,12098,4509,4864.000797438131,2014,1
Black Sea,1,3066290,22515,4326,9535.804731511998,2018,1
Southeast Anatolia,0,12059503,16158,2381,5991.996651218119,2021,0
Central Anatolia,0,6428611,5573,4095,7364.622613924808,2014,1
Central Anatolia,1,10387591,24537,1423,8690.252915546425,2018,1
Marmara,0,9177757,19711,1322,11190.505201163365,2017,0
Black Sea,0,14140803,20850,1860,5407.528178399518,2017,0
Eastern Anatolia,0,11703773,21811,936,4086.0089786430894,2014,1
Southeast Anatolia,0,11305198,16280,4000,4930.5247027191035,2017,0
Central Anatolia,1,8214471,10023,2758,5729.261753514919,2021,0
Aegean,0,6499321,22815,1850,12117.033375633118,2016,1
Marmara,0,11834746,22916,319,12260.628629817418,2015,0
Mediterranean,1,3518232,22902,759,12238.52350378465,2021,0
Eastern Anatolia,1,5111941,2725,4237,5116.733116256855,2015,0
Eastern Anatolia,1,14992506,9993,428,5725.080663333067,2022,1
Marmara,1,11279371,20938,2599,14170.45514596902,2021,0
Black Sea,1,9386237,7019,3153,9190.965174385201,2016,1
Southeast Anatolia,1,2466310,18347,2007,9396.491574424368,2022,1
Mediterranean,1,7468011,8725,3713,12523.303750438194,2019,0
Mediterranean,1,7858546,15798,2779,10395.37362868902,2021,0
Central Anatolia,1,2641675,23098,3041,7940.471372216832,2014,1
Black Sea,1,14964431,21429,3905,7795.003190018585,2023,0
Mediterranean,1,3268769,8717,4987,11861.504526397683,2023,0
Marmara,0,6099892,3895,1787,10953.792778661671,2019,0
Eastern Anatolia,1,14784315,9439,2056,5682.934717018152,2022,1
Black Sea,0,7041264,7498,774,9173.312068929697,2016,1
Eastern Anatolia,0,8390009,24724,3059,4910.6618443126135,2014,1
Southeast Anatolia,1,14610630,12245,1259,6580.795689839286,2015,0
Aegean,1,13493561,12034,388,9848.993530654121,2015,0
Eastern Anatolia,1,9457801,11466,1574,5719.334347809349,2018,1
Central Anatolia,0,3794205,19630,1387,5352.288107733098,2014,1
Marmara,0,8693674,4601,1153,11027.519835684316,2019,0
Aegean,0,4543402,21489,2981,11236.92923754434,2020,1
Mediterranean,0,6559930,5920,2905,17106.783136346385,2020,1
Black Sea,0,11100616,18915,1988,6653.247397652779,2019,0
Black Sea,0,13192606,11811,3531,8732.422086656514,2020,1
Central Anatolia,1,4917513,16016,1469,4749.443949676293,2017,0
Aegean,1,9215494,22251,291,9440.071158063136,2021,0
Eastern Anatolia,0,2857993,8175,3608,3804.7031370761497,2014,1
Southeast Anatolia,1,12118922,11727,2760,10944.585758984444,2020,1
Marmara,1,6933743,21465,1010,20702.297340023393,2014,1
Aegean,0,7631775,8405,951,7641.825833102977,2017,0
Marmara,0,7900479,24830,1377,19076.032289629045,2016,1
Marmara,1,12757021,7820,1535,21576.083978467435,2016,1
Aegean,1,8893993,9867,1808,12905.090610845946,2020,1
Aegean,1,8772098,14824,4814,13019.51692427908,2018,1
Black Sea,1,7502153,20284,3713,9113.039464501611,2014,1
Aegean,0,4907043,22044,245,7675.704210885435,2021,0
Eastern Anatolia,0,9569258,3528,3088,4849.552056307298,2022,1
Black Sea,0,8030080,10207,2076,10258.592768669581,2018,1
Southeast Anatolia,0,13079191,20599,2557,4774.548920797805,2015,0
Mediterranean,1,10296714,21701,1962,10473.27668741997,2019,0
Black Sea,1,4703644,4584,1793,6118.714200101423,2023,0
Marmara,0,1066102,21355,2705,11390.118322944743,2023,0
Marmara,0,5805917,24113,1419,20670.20035360608,2020,1
Aegean,1,14243435,11947,2344,9353.645455586699,2021,0
Black Sea,1,2644739,11796,4549,11829.352649575598,2018,1
Aegean,1,1173338,7458,2051,11851.236923411037,2016,1
Mediterranean,1,8854186,7051,2231,18117.90177554969,2016,1
Central Anatolia,0,14277041,2701,4167,6925.757074659463,2016,1
Southeast Anatolia,0,8056795,12128,4826,8327.655720866549,2018,1
Southeast Anatolia,0,12153849,21024,653,6463.803293582433,2017,0
Black Sea,1,6512972,24264,4366,7804.694879097092,2019,0
Aegean,1,8100032,23269,3890,8559.358367911454,2015,0
Mediterranean,1,13462011,12144,4368,17849.50152613618,2020,1
Black Sea,1,14776765,7457,1925,6483.244626563583,2019,0
Eastern Anatolia,0,10471322,5500,2119,4056.1855698075856,2019,0
Aegean,0,5287786,3830,2324,7323.357306936947,2017,0
Marmara,0,4015163,15670,3557,21662.26892371416,2022,1
Eastern Anatolia,1,5460157,9147,3757,5065.72716728535,2022,1
Eastern Anatolia,0,11121617,1587,2685,4115.356885338002,2017,0
Central Anatolia,1,13154904,3914,3712,8002.186599402949,2020,1
Black Sea,1,7932193,3299,1594,7797.8969703143,2015,0
Marmara,0,1288692,16057,286,13200.542859390798,2023,0
Black Sea,0,12513293,19977,537,6283.954985202983,2015,0
Central Anatolia,0,6979270,22084,2193,5716.8399338487125,2023,0
Central Anatolia,1,13713166,23960,4975,6425.89724526498,2014,1
Central Anatolia,0,1751733,3226,3525,5685.265063254777,2014,1
Black Sea,1,4685186,10703,4070,7488.380820810416,2019,0
Mediterranean,0,8190630,1949,4336,9555.540121968754,2023,0
Eastern Anatolia,0,14122826,14473,1772,4040.643319220498,2014,1
Aegean,1,11787598,24609,3774,11711.245835363152,2020,1
Aegean,1,5652105,14699,4594,5637.053364866071,2019,0
Mediterranean,1,6148408,13052,1494,15221.852902876082,2018,1
Marmara,0,13418018,10062,4787,20174.745006954734,2018,1
Marmara,0,5731225,4673,2149,24818.07087185436,2018,1
Southeast Anatolia,1,11055487,10114,4725,7070.606426590296,2021,0
Central Anatolia,1,5612351,6539,3164,7381.302479864789,2022,1
Southeast Anatolia,1,6079089,6385,3652,8029.089856628729,2017,0
Eastern Anatolia,0,6385015,10981,356,3939.6388011887066,2018,1
Central Anatolia,0,8662479,8807,833,6455.995236294542,2018,1
Black Sea,0,4613126,9346,3451,8424.809657723821,2023,0
Eastern Anatolia,1,10810926,22262,3950,4176.769032869811,2021,0
Mediterranean,0,7247284,8755,3253,14675.552136640492,2020,1
Southeast Anatolia,1,10111149,19004,1274,7139.443158795067,2015,0
Black Sea,0,11443940,7998,4162,9254.415348469724,2016,1
Eastern Anatolia,1,6889299,19967,2056,5944.910526892597,2018,1
Aegean,1,12782503,9888,4537,14297.567931534344,2022,1
Black Sea,0,14332021,24551,4781,9613.319159548939,2014,1
Aegean,1,3343967,17792,2760,14494.356127577352,2018,1
Mediterranean,0,5519984,8835,3783,15623.123621843512,2018,1
Eastern Anatolia,1,4035545,15463,3678,4458.393445183023,2015,0
Central Anatolia,1,4868320,16129,2643,5821.883669900928,2017,0
Marmara,1,3010531,24795,912,22834.460483638963,2018,1
Eastern Anatolia,1,10427793,6449,2777,6077.432369824368,2018,1
Marmara,1,13489031,5465,2638,13292.38058395889,2019,0
Aegean,0,11001074,7510,4028,12347.577394700684,2016,1
Mediterranean,1,1497544,22671,4330,9551.970467435793,2023,0
Southeast Anatolia,1,9402301,19550,3151,9261.903483018858,2018,1
Southeast Anatolia,1,12212288,17698,3073,6707.503497283522,2021,0
Central Anatolia,1,11245028,16780,1792,5977.8043819220875,2015,0
Southeast Anatolia,0,1350096,18828,1611,10271.637753322808,2020,1
Mediterranean,0,12604494,7069,3148,8939.320098811275,2015,0
Eastern Anatolia,0,2108476,23452,1186,4403.2232414076425,2016,1
Eastern Anatolia,1,13848256,9126,2768,4630.6396660891505,2018,1
Mediterranean,0,1055495,10917,2031,16789.780465662854,2014,1
Central Anatolia,1,14585416,16408,3526,6277.331150958334,2023,0
Central Anatolia,0,4770180,14435,4715,6397.317432382091,2022,1
Aegean,0,1369337,6071,564,8046.699527140653,2021,0
Marmara,0,8701671,7826,4952,12159.036432506276,2019,0
Southeast Anatolia,0,1601178,4879,1408,8577.836879124283,2014,1
Aegean,0,6387542,22672,3060,10534.43004689553,2016,1
Black Sea,0,2649878,9324,2797,7741.973953380459,2015,0
Aegean,0,9793150,11702,279,8123.40255215956,2023,0
Marmara,0,1802040,23039,2959,20415.929889915362,2018,1
Southeast Anatolia,1,2466934,11550,3494,12875.075536051634,2022,1
Aegean,1,6883937,3855,2201,8797.504858176271,2017,0
Southeast Anatolia,1,14902310,23910,1560,8205.09996149671,2018,1
Southeast Anatolia,1,1206391,17790,3471,10548.260774703003,2016,1
Central Anatolia,0,9181051,23829,1068,4079.229101600698,2023,0
Southeast Anatolia,1,9651617,9784,2193,6907.567822498185,2021,0
Marmara,1,1360207,2581,3762,13780.09314874564,2017,0
Mediterranean,1,10755926,1755,813,20028.60079244587,2020,1
Black Sea,1,3731071,3496,4169,6928.222173410832,2015,0
Southeast Anatolia,1,3957796,14199,4840,6406.182781481244,2017,0
Marmara,0,1536940,17024,1503,11917.111044995307,2023,0
Central Anatolia,1,11776415,24270,4594,7769.015534510223,2014,1
Marmara,0,2094969,16777,942,22537.964860133518,2016,1
Central Anatolia,0,11396210,19973,4259,6837.215291926594,2022,1
Black Sea,1,6610380,18070,1528,8638.496010822559,2015,0
Southeast Anatolia,1,14967661,15654,2774,6453.381237877494,2021,0
Mediterranean,0,2037368,7868,596,18340.361967242632,2020,1
Eastern Anatolia,1,6492037,16746,4672,5233.358727289172,2020,1
Marmara,1,2540557,23493,2338,14382.008657793656,2019,0
Black Sea,0,2583440,4265,1256,6653.140276925549,2019,0
Mediterranean,0,5345759,18496,286,16952.049746286655,2016,1
Mediterranean,0,14377811,5901,3249,11158.151140023125,2017,0
Southeast Anatolia,0,1484911,23772,4617,8026.134907769117,2014,1
Central Anatolia,0,6439963,22267,1592,7113.827380017819,2018,1
Marmara,1,6352462,8287,960,24184.723596536125,2018,1
Mediterranean,1,7014373,13118,3124,13242.23511623143,2017,0
Marmara,1,6988952,19886,1376,12851.66078857472,2017,0
Aegean,0,7278767,2143,4723,8234.795383863215,2023,0
Mediterranean,0,14796048,8432,4709,15750.28244990319,2022,1
Southeast Anatolia,0,7128939,16479,350,9596.557267746006,2022,1
Marmara,0,4761552,9317,3366,16884.28721682094,2018,1
Eastern Anatolia,1,14421110,12759,545,3779.433060128726,2017,0
Central Anatolia,0,12383136,21284,4419,5334.28251660743,2015,0
Eastern Anatolia,0,4566269,24716,4426,4812.729926358752,2022,1
Aegean,1,10422341,5767,4078,7036.956593059874,2023,0
Eastern Anatolia,1,13447301,9616,4046,4121.011423608129,2019,0
Mediterranean,1,7573417,18189,3874,16908.616103343,2018,1
Black Sea,0,3554454,12093,3592,6660.433606244018,2023,0
Aegean,0,11804813,5993,4265,8745.244583959968,2019,0
Black Sea,0,11386004,12681,2767,11031.233233592604,2014,1
Black Sea,1,2661482,4474,241,8367.569933563997,2016,1
Mediterranean,0,14477683,22071,262,9880.518329486244,2019,0
Southeast Anatolia,0,1453905,4440,1014,9102.373357811748,2020,1
Aegean,0,2712001,16535,4929,10222.044724665617,2016,1
Mediterranean,0,13012396,24278,4240,18004.98696820899,2022,1
Aegean,1,3129706,22078,4870,13689.69820744702,2018,1
Central Anatolia,1,3080584,22845,1983,7758.1170708844,2020,1
Aegean,1,8871416,8533,3091,8407.703738686048,2023,0
Eastern Anatolia,0,11443745,4071,4515,4426.116178105538,2022,1
Central Anatolia,1,11262690,14626,1354,6742.861029214838,2020,1
Marmara,1,8709223,17561,4522,23498.5652741694,2016,1
Central Anatolia,1,8376707,10147,1908,5265.971110620003,2021,0
Southeast Anatolia,0,7290721,24899,3345,9815.000756713685,2022,1
Marmara,0,9245869,16201,909,15199.25252859147,2021,0
Mediterranean,0,11142259,2502,2996,16932.097564116226,2016,1
Southeast Anatolia,0,3920317,1983,888,4831.653211708676,2015,0
Southeast Anatolia,1,3502008,22251,2136,6702.347620064279,2017,0
Central Anatolia,1,11609196,17132,836,4846.710590245281,2019,0
Mediterranean,1,10799589,6060,129,10551.56020427277,2021,0
Marmara,0,4952592,2162,739,21523.06080924396,2018,1
Aegean,1,10621245,8291,2616,8571.955465357763,2021,0
Mediterranean,1,11418999,12229,289,15778.316569431714,2016,1
Black Sea,0,13231897,13431,2191,7365.357652589144,2017,0
Central Anatolia,1,12689653,21837,3517,5724.370127468844,2016,1
Black Sea,1,11249558,10540,3793,7997.494904044685,2021,0
Central Anatolia,1,4872897,13088,4419,5003.879618924227,2017,0
Mediterranean,1,2721445,15325,2738,18090.509135079992,2018,1
Southeast Anatolia,0,14324508,8065,2948,5193.188378964595,2021,0
Central Anatolia,0,3312327,14118,2454,5115.745853479724,2023,0
Eastern Anatolia,0,3573777,7515,4854,5461.11043563864,2014,1
Marmara,0,12889358,23741,1777,20315.47227077938,2014,1
Eastern Anatolia,0,12691200,3942,2972,3753.351570624514,2015,0
Mediterranean,0,13699881,2907,1288,10432.499471269966,2015,0
Marmara,0,14517356,17619,161,22055.91021561327,2016,1
Central Anatolia,0,5119969,21541,769,5601.872794780179,2018,1
Southeast Anatolia,1,12738939,13465,3997,10996.55085424933,2022,1
Marmara,0,6836910,3484,4508,23347.32973436607,2020,1
Central Anatolia,1,9837248,6485,4299,8066.694865108415,2016,1
Aegean,0,9022854,11087,2776,12655.081782447407,2018,1
Southeast Anatolia,0,2557551,15870,1643,7132.686147290436,2023,0
Aegean,0,2053252,11624,2102,6501.9121494101155,2023,0
Mediterranean,0,11974525,10617,3392,18438.261998217764,2020,1
Mediterranean,1,3882073,16937,2098,10571.086488000334,2017,0
Marmara,1,5750980,19709,3887,12481.96094751879,2017,0
Black Sea,0,5681822,17463,4524,6499.8833863731315,2019,0
Mediterranean,0,8921240,4403,3563,10509.350499195947,2021,0
Central Anatolia,0,9524158,15106,4159,5400.1216312049855,2023,0
Marmara,0,2729570,13677,2502,20592.698460689302,2022,1
Black Sea,1,5790984,12914,2822,11074.917113050797,2014,1
Eastern Anatolia,0,14200171,3644,3247,5105.537308037073,2023,0
Aegean,0,7171122,10853,4589,11196.146172343544,2018,1
Marmara,1,11206407,17139,2151,12679.288270657153,2021,0
Aegean,0,6904928,7336,2395,13703.870785273275,2020,1
Aegean,0,3825294,7990,3151,10109.384999517812,2014,1
Black Sea,0,10697892,9243,3707,10040.213554157226,2018,1
Aegean,0,10232190,14596,4643,6067.680856695716,2023,0
Marmara,1,5004588,15189,143,20482.305195180576,2018,1
Mediterranean,1,5899551,16196,2999,9690.915070031237,2015,0
Mediterranean,0,8800851,19366,2560,9123.49645773022,2015,0
Central Anatolia,1,12458482,1862,1282,6258.253313542008,2014,1
Black Sea,1,3900034,13256,4474,10996.659774106383,2022,1
Southeast Anatolia,0,5620951,20816,2011,10259.860060129278,2018,1
Aegean,0,4710154,15222,863,14446.871845516805,2020,1
Southeast Anatolia,1,13796016,3930,2793,8880.874140979568,2016,1
Eastern Anatolia,0,13689912,20676,308,4291.370866849656,2017,0
Black Sea,0,4782369,16725,4312,7845.953075348606,2021,0
Eastern Anatolia,0,5015167,2410,3115,4048.368941696164,2019,0
Aegean,1,6159068,17659,832,9423.472281464205,2017,0
Black Sea,0,10816142,18316,4290,10250.841077479432,2016,1
Southeast Anatolia,0,10057207,6682,235,6275.1196458550385,2017,0
Aegean,1,12350363,5165,2310,12227.64057482889,2022,1
Aegean,0,14328468,7266,4903,6404.854123381747,2021,0
Marmara,1,4806383,15844,4038,12739.728812690873,2019,0
Southeast Anatolia,0,5293890,8592,1093,8309.816030752692,2014,1
Aegean,1,7803157,16717,2326,12833.202524767596,2020,1
Southeast Anatolia,0,11961491,17584,1961,9865.306102768422,2014,1
Mediterranean,0,10428562,4964,385,11435.67530437445,2017,0
Mediterranean,0,5055673,1627,2746,16241.170200600838,2014,1
Eastern Anatolia,1,11143831,23050,1745,3879.0326059858876,2015,0
Southeast Anatolia,1,14156748,7219,4516,9514.598039232107,2020,1
Marmara,1,14639124,24109,3746,21924.824294781843,2020,1
Aegean,0,4906935,1676,3771,8099.167638761552,2023,0
Aegean,1,14828709,4354,2858,8389.256884735029,2023,0
Aegean,1,13673700,14140,400,9594.342801615587,2015,0
Central Anatolia,1,8657615,17154,767,6543.712403234975,2014,1
Black Sea,0,5816202,21626,3694,8528.40284266439,2015,0
Marmara,0,2913901,5885,1308,18419.691946079256,2020,1
Eastern Anatolia,1,14047193,8026,164,4534.515302412095,2015,0
Mediterranean,1,3863934,16066,4988,9228.405266602702,2017,0
Southeast Anatolia,1,5442677,18248,784,10937.41491092618,2022,1
Marmara,0,12616899,20383,1154,21701.266983337235,2018,1
Mediterranean,0,14440808,23351,4270,16329.2060776575,2020,1
Southeast Anatolia,1,8220219,20871,3680,9011.716034673354,2020,1
Mediterranean,1,6572874,21688,4247,12194.546500094993,2019,0
Central Anatolia,0,7288232,7128,1635,6917.847776052371,2016,1
Mediterranean,0,7936612,22229,4637,9454.584784653649,2023,0
Black Sea,1,7597196,8235,1164,10762.151951580405,2014,1
Black Sea,1,2475453,2363,834,9820.232047176329,2016,1
Aegean,1,2689226,9731,4461,7947.149674213481,2015,0
Black Sea,0,2986048,22683,3871,9196.999110450924,2020,1
Aegean,0,2185562,3253,4589,11671.25624824595,2018,1
Black Sea,0,3566916,18228,280,9801.712660989777,2018,1
Central Anatolia,0,3790777,8786,4610,4977.837933382143,2021,0
Mediterranean,1,9827646,7726,1670,10048.289745111722,2017,0
Marmara,0,13446718,21940,4288,12910.84964646504,2019,0
Mediterranean,1,13976821,19943,1963,12198.460056396421,2015,0
Aegean,1,8032590,16606,712,14405.953392291447,2016,1
Mediterranean,1,5285930,9372,3021,11776.827698183126,2021,0
Eastern Anatolia,0,6311031,4071,4503,2998.982185201468,2017,0
Aegean,0,8984042,22517,1745,10801.844691635652,2016,1
Southeast Anatolia,1,6162986,4800,901,5617.658975318429,2017,0
Aegean,1,14732966,12377,4706,7240.073583874884,2021,0
Southeast Anatolia,0,2849782,15897,4949,10029.519525572174,2014,1
Southeast Anatolia,1,4713452,5802,107,7718.792949150622,2019,0
Eastern Anatolia,0,13141007,7147,397,4803.633741521691,2018,1
Black Sea,1,12728030,13698,597,11288.09365899197,2016,1
Southeast Anatolia,1,4105600,13291,3208,6362.870379065448,2023,0
Eastern Anatolia,0,14582312,10011,2418,4467.875330166224,2019,0
Central Anatolia,0,13123912,20285,2005,6682.017306945595,2020,1
Marmara,1,1379853,19740,2987,22521.107181963882,2014,1
Eastern Anatolia,1,11992866,4692,4605,4647.410556720037,2015,0
Marmara,0,3892311,1692,701,11782.034493908639,2019,0
Black Sea,1,2353356,20133,1030,7850.600029475074,2017,0
Mediterranean,0,1350793,22488,3899,10693.330109186967,2015,0
Eastern Anatolia,1,10226861,20210,284,6054.4683093731255,2019,0
Central Anatolia,0,5309225,10260,630,7661.039454962955,2022,1
Eastern Anatolia,0,5937705,15016,3417,4872.008127893288,2014,1
Aegean,0,5776031,15344,4044,7248.215585173398,2021,0
Aegean,1,14307035,19763,3461,6816.889057363655,2023,0
Central Anatolia,1,8570635,9245,4267,8068.235018428675,2020,1
Eastern Anatolia,0,14385662,13623,2636,5337.5142089788515,2022,1
Southeast Anatolia,0,9021338,20443,489,5623.222902566008,2019,0
Southeast Anatolia,1,10339541,18429,4022,6542.191074473536,2017,0
Eastern Anatolia,1,5439785,4379,4999,4491.520398526661,2023,0
Black Sea,1,9784080,2080,287,11420.4063288113,2020,1
Eastern Anatolia,0,7192308,15305,987,5594.163348752846,2014,1
Marmara,0,3076951,3100,217,18785.39822011711,2020,1
Central Anatolia,0,10665954,17101,628,5336.826431406461,2021,0
Eastern Anatolia,1,6069136,20613,4752,4496.282714933507,2023,0
Marmara,1,12607656,16654,875,12526.620398914793,2017,0
Marmara,1,13596946,11399,365,25676.150699035163,2014,1
Central Anatolia,1,11326600,18252,1098,5438.78718178834,2021,0
Southeast Anatolia,1,6896692,20183,3811,9820.399326699617,2018,1
Southeast Anatolia,1,1656682,9987,3463,10210.652328471342,2018,1
Central Anatolia,1,3497038,15369,1291,6822.547730080911,2016,1
Eastern Anatolia,1,1146395,2559,1553,4687.93410711849,2021,0
Marmara,0,14487243,7314,3834,20741.72156220983,2016,1
Marmara,1,8389495,17310,1274,27775.779863600386,2022,1
Mediterranean,0,12147066,8604,3660,16365.333975128795,2022,1
Southeast Anatolia,0,3192255,11495,1996,5597.976112436101,2021,0
Marmara,1,7598495,18637,1184,24493.65291596248,2020,1
Aegean,0,14767034,5472,4571,13187.400764589995,2022,1
Eastern Anatolia,0,4575417,16495,2062,3369.9244281121073,2015,0
Mediterranean,1,6693384,10018,4299,12393.763536614748,2019,0
Southeast Anatolia,0,2876615,24926,2293,9306.258324448881,2022,1
Aegean,0,6376182,22961,4929,11963.558654250246,2018,1
Black Sea,1,9306870,9105,694,10040.16521330355,2022,1
Eastern Anatolia,1,4066325,10538,1677,5463.243682584618,2018,1
Eastern Anatolia,1,8884902,15122,833,4813.431812426093,2022,1
Mediterranean,0,1829768,2197,803,12817.255814067956,2014,1
Southeast Anatolia,1,2761068,17125,3260,9194.109497069736,2018,1
Marmara,0,9726166,5297,4820,21011.2983331804,2014,1
Aegean,1,6876764,4574,833,14009.349017206925,2018,1
Marmara,0,14808528,20712,1466,21127.383290542835,2016,1
Central Anatolia,1,2406004,5256,4429,6331.258165694349,2020,1
Eastern Anatolia,1,14533715,10924,2612,4109.11369979046,2023,0
Aegean,1,12399804,9493,3499,8818.1631152164,2017,0
Black Sea,1,1106647,19864,3930,11475.953714854135,2020,1
Black Sea,0,1944269,14189,4598,7569.229285937607,2023,0
Central Anatolia,0,3256792,9484,1786,5614.7193985639105,2020,1
Southeast Anatolia,0,10482824,12738,2326,6030.693857212588,2017,0
Black Sea,0,1359201,12169,4424,10558.246148366068,2022,1
Black Sea,0,4370966,12327,1559,8944.395578886877,2022,1
Southeast Anatolia,1,11746105,12114,4747,7788.145018781959,2021,0
Central Anatolia,1,10408748,22917,2799,5228.031420336853,2019,0
Southeast Anatolia,1,5835279,20476,3923,10909.760938410338,2018,1
Black Sea,0,5544371,24774,3481,7483.818062854731,2021,0
Aegean,0,6259268,24423,2025,7449.797603069009,2021,0
Eastern Anatolia,0,4764170,16569,3575,4006.4702671152468,2015,0
Aegean,1,8619350,8195,4847,15000.661991568666,2022,1
Mediterranean,0,9308164,16548,1495,15140.994996843214,2018,1
Central Anatolia,1,3345136,10658,2274,7276.752632594512,2020,1
Black Sea,0,2094250,4515,2496,8324.450077690622,2014,1
Eastern Anatolia,0,12730976,3060,2419,4972.601725064097,2016,1
Marmara,0,11798389,15298,4774,20726.223613644135,2018,1
Mediterranean,1,2913625,23684,1632,11576.248237961674,2023,0
Southeast Anatolia,1,8330461,14060,592,9064.068416322243,2016,1
Central Anatolia,0,9080743,4162,1902,6707.818642196386,2020,1
Aegean,0,10698267,23161,2922,7719.801720433201,2017,0
Aegean,0,5023937,7441,530,5889.667155480911,2017,0
Marmara,1,3618939,19495,1784,13315.981167098324,2021,0
Southeast Anatolia,0,14877910,4759,362,10134.968516460875,2020,1
Southeast Anatolia,0,8581855,12707,969,8013.205130897891,2020,1
Central Anatolia,0,5030299,21743,2494,4677.719870853929,2017,0
Marmara,0,10168808,13705,4529,24462.749664158815,2014,1
Central Anatolia,0,10870325,13645,1762,6861.713703601848,2014,1
Marmara,0,6752435,6955,4088,11605.296041893802,2021,0
Eastern Anatolia,1,2685869,9061,1722,5436.162906634654,2018,1
Central Anatolia,1,12422462,23779,907,6702.645643219045,2018,1
Marmara,0,3514242,14190,830,26938.376385290758,2022,1
Aegean,1,11321507,7425,4579,9580.443251202829,2021,0
Southeast Anatolia,0,7420009,9892,2679,7025.2844215986115,2019,0
Eastern Anatolia,0,2600747,10999,2400,4036.7653744805184,2019,0
Eastern Anatolia,1,8149536,9358,3475,3839.512476689742,2021,0
Mediterranean,0,4266536,19498,4296,10503.338661098336,2017,0
Mediterranean,1,5002441,9193,900,19808.99758698432,2014,1
Black Sea,1,1842263,17254,1908,12178.310159272816,2020,1
Marmara,1,7661742,15639,2128,19750.11537438674,2022,1
Black Sea,1,5136625,13915,980,7862.796210673539,2023,0
Aegean,1,2052987,10729,735,11090.756665912346,2020,1
Marmara,0,2770129,2541,3053,11296.915952710382,2019,0
